Country Name,Country Code,Region,"Annualized growth in per capita real survey mean consumption or income, bottom 40% (%)","Annualized growth in per capita real survey mean consumption or income, top 10% (%)","Annualized growth in per capita real survey mean consumption or income, top 60% (%)","Annualized growth in per capita real survey mean consumption or income, total population (%)",GINI index (World Bank estimate),Growth component of change in poverty at $1.90 a day (2011 PPP) (% of change),Growth component of change in poverty at $3.20 a day (2011 PPP) (% of change),Growth component of change in poverty at $5.50 a day (2011 PPP) (% of change),Income share held by fourth 20%,Income share held by highest 10%,Income share held by highest 20%,Income share held by lowest 10%,Income share held by lowest 20%,Income share held by second 20%,Income share held by third 20%,Number of poor at $1.90 a day (2011 PPP) (millions),Number of poor at $3.20 a day (2011 PPP) (millions),Number of poor at $5.50 a day (2011 PPP) (millions),"Population, total",Poverty gap at $1.90 a day (2011 PPP) (%),Poverty gap at $3.20 a day (2011 PPP) (% of population),Poverty gap at $5.50 a day (2011 PPP) (% of population),Poverty gap at national poverty lines (%),"Poverty gap at national poverty lines (%), including noncomparable values",Poverty headcount ratio at $1.90 a day (2011 PPP) (% of population),Poverty headcount ratio at $3.20 a day (2011 PPP) (% of population),Poverty headcount ratio at $5.50 a day (2011 PPP) (% of population),Poverty headcount ratio at national poverty lines (% of population),"Poverty headcount ratio at national poverty lines (% of population), including noncomparable values",Redistribution component of change in poverty at $1.90 a day (2011 PPP) (% of change),Redistribution component of change in poverty at $3.20 a day (2011 PPP) (% of change),Redistribution component of change in poverty at $5.50 a day (2011 PPP) (% of change),Rural poverty gap at national poverty lines (%),"Rural poverty gap at national poverty lines (%), including noncomparable values",Rural poverty headcount ratio at national poverty lines (% of rural population),"Rural poverty headcount ratio at national poverty lines (% of rural population), including noncomparable values","Survey mean consumption or income per capita, bottom 40% (2011 PPP $ per day)","Survey mean consumption or income per capita, top 10% (2011 PPP $ per day)","Survey mean consumption or income per capita, top 60% (2011 PPP $ per day)","Survey mean consumption or income per capita, total population (2011 PPP $ per day)",Urban poverty gap at national poverty lines (%),"Urban poverty gap at national poverty lines (%), including noncomparable values",Urban poverty headcount ratio at national poverty lines (% of urban population),"Urban poverty headcount ratio at national poverty lines (% of urban population), including noncomparable values"
Afghanistan,AFG,Southern Asia,0,0,0,0,0,0,0,0,0,0,0,0,0,0,0,0,0,0,33736494,0,0,0,8.4,8.4,0,0,0,35.8,35.8,0,0,0,9.3,9.3,38.3,38.3,0,0,0,0,5.6,5.6,27.6,27.6
Albania,ALB,Southern Europe,-1.22,-2.89,-1.34,-1.31,29,0,0,0,22.8,22.9,37.8,3.7,8.9,13.2,17.3,0,0.2,1.1,2880703,0.2,1.6,10.3,2.9,2.9,1.1,7.7,39.1,14.3,14.3,0,0,0,3,3,15.3,15.3,4.08,16.99,9.62,7.41,2.9,2.9,13.6,13.6
Algeria,DZA,Northern Africa,0,0,0,0,27.6,0,0,0,22.3,22.9,37.2,4,9.4,13.7,17.5,0.2,1.4,10.7,39871528,0.2,0.8,6.7,0,0,0.5,3.9,29.2,5.5,5.5,0,0,0,0.8,0.8,4.8,4.8,0,0,0,0,1.1,1.1,5.8,5.8
Angola,AGO,Sub-Saharan Africa,0,0,0,0,0,0,0,0,0,0,0,0,0,0,0,0,0,0,27859305,0,0,0,0,0,0,0,0,0,0,0,0,0,0,0,0,0,0,0,0,0,0,0,0,0
Argentina,ARG,Latin America and the Caribbean,0,-1.57,-0.74,0,41.4,0,0,0.23,23.4,29.5,46.6,1.8,5.1,9.8,15.2,0.3,1.1,3.6,43417765,0.3,0.8,2.9,0,0,0.7,2.8,9.1,0,0,100,100,99.77,0,0,0,0,8.44,59.28,27.5,23.25,0,0,4.7,4.7
Armenia,ARM,Western Asia,0,4.72,4.58,0,32.4,0,232.48,96.22,21.8,26.7,40.7,3.4,8.2,12.6,16.7,0.1,0.4,1.4,2916950,0.4,3,14.8,4.5,4.5,1.9,13.5,48.3,29.8,29.8,0,-132.48,3.78,4.5,4.5,29.9,29.9,3.16,17.98,8.89,5.66,4.5,4.5,30,30
Australia,AUS,Australia & North America,0,0,0,0,34.7,0,0,0,22.7,26.5,42,2.7,7.3,11.8,16.1,0.1,0.1,0.1,23850784,0.3,0.4,0.5,0,0,0.3,0.7,0.7,0,0,0,0,0,0,0,0,0,0,0,0,0,0,0,0,0
Austria,AUT,Western Europe,-0.47,-0.48,-0.11,-0.28,30.5,0,0,0,22.9,23.8,38.4,3,7.9,13.2,17.6,0.1,0.1,0.1,8633169,0.5,0.6,0.7,0,0,0.7,0.7,0.9,0,0,0,0,0,0,0,0,0,29.07,133.65,72.9,55.26,0,0,0,0
Azerbaijan,AZE,Western Asia,0,0,0,0,0,0,0,0,0,0,0,0,0,0,0,0,0,0,9649341,0,0,0,0,0,0,0,0,6,6,0,0,0,0,0,0,0,0,0,0,0,0,0,0,0
Bangladesh,BGD,Southern Asia,0,0,0,0,32.1,113.67,93.7,96.46,21.2,26.9,41.5,3.9,8.9,12.5,16,29.9,91.9,133.5,161200886,3.6,19,43.4,6.5,6.5,19.6,60.4,87.7,31.5,31.5,-13.67,6.3,3.54,7.4,7.4,35.2,35.2,1.88,9.65,4.7,3.52,4.3,4.3,21.3,21.3
Belarus,BLR,Eastern Europe,0,0,0,0,26.7,0,58.29,73.19,22.4,22.2,36.4,4,9.5,14,17.7,0,0,0.1,9489616,0,0,0.1,0,0,0,0,0.7,5.1,5.1,0,41.71,26.81,0,0,8.7,8.7,9.4,35.71,20.97,16.34,0,0,3.7,3.7
Belgium,BEL,Western Europe,0.57,-0.15,0.09,0.48,27.7,0,0,0,22.7,22.2,36.5,3.4,8.6,14,18.1,0,0,0,11274196,0,0.1,0.1,0,0,0,0.2,0.2,0,0,0,0,0,0,0,0,0,27.5,108.46,62.53,48.89,0,0,0,0
Belize,BLZ,Latin America and the Caribbean,0,0,0,0,0,0,0,0,0,0,0,0,0,0,0,0,0,0,359288,0,0,0,0,0,0,0,0,0,0,0,0,0,0,0,0,0,0,0,0,0,0,0,0,0
Benin,BEN,Sub-Saharan Africa,-4.8,2.25,0.87,0.04,47.8,2.47,8.23,-5.21,20.8,37.6,52.1,1,3.2,9.6,14.2,5.2,8.1,9.6,10575952,22.4,39.5,59.2,9.8,9.8,49.6,76.2,90.6,40.1,40.1,97.53,91.77,105.21,10.5,10.5,39.7,39.7,0.87,10.21,3.94,2.71,8.8,8.8,31.4,31.4
Bhutan,BTN,Southern Asia,0,7.44,6.45,0,38.8,0,0,0,21.4,30.7,46.1,2.7,6.7,10.8,15,0,0.1,0.3,787386,0.4,3.3,14.4,2.6,2.6,2.2,14.5,43.9,12,12,0,0,0,3.6,3.6,16.7,16.7,0,24.83,11.11,0,0.3,0.3,1.8,1.8
Bolivia,BOL,Latin America and the Caribbean,0,4.41,4.59,0,46.7,226.26,61.62,59.19,21.8,34.8,51.1,1.1,3.9,9,14.2,0.7,1.3,2.7,10724705,2.8,5.3,10.7,16.8,16.8,6.4,11.7,25.6,38.6,38.6,-126.26,38.38,40.81,30.5,30.5,57.6,57.6,4.07,49.82,20.01,12.56,10.5,10.5,30.6,30.6
Bosnia and Herzegovina,BIH,Southern Europe,-0.45,0,0,-0.79,32.7,0,0,0,22.8,25.1,40.5,3,7.7,12.4,16.6,0,0,0.1,3535961,0.1,0.2,0.9,0,0,0.2,0.8,3.8,16.9,16.9,0,0,0,0,0,0,0,9.34,0,0,18.65,0,0,0,0
Botswana,BWA,Sub-Saharan Africa,0,0,0,0,60.5,0,0,0,16.9,49.6,65,1.1,2.8,5.7,9.5,0.4,0.7,1.1,2209197,5.8,14.7,28.7,0,0,18.2,37.1,57.5,19.3,19.3,0,0,0,0,0,24.3,24.3,0,0,0,0,0,0,11,11
Brazil,BRA,Latin America and the Caribbean,3.8,1.43,2.04,2.19,51.3,37.38,53.64,60.3,19.7,40.4,56.1,1.2,3.6,7.9,12.7,6.9,16.5,39.9,205962108,1.2,2.9,7.3,0,0,3.4,8,19.4,8.7,8.7,62.62,46.36,39.7,0,0,0,0,5.54,70.14,25.57,19.25,0,0,0,0
Bulgaria,BGR,Eastern Europe,0.43,4.48,2.5,2.11,37.4,0,0,0,22.1,28.8,43.9,2,6,11.8,16.2,0.1,0.3,0.6,7177991,0.5,1.4,3.4,0,0,1.5,3.7,8.7,22.9,22.9,0,0,0,0,0,0,0,8.32,53.92,25.66,18.72,0,0,0,0
Burkina Faso,BFA,Sub-Saharan Africa,5.84,1.29,2.26,2.93,35.3,84.55,118.36,111.36,20.6,29.6,44.3,3.6,8.3,11.7,15,7.7,13.4,16.2,18110624,11.1,32.2,54.9,9.7,9.7,43.7,76.4,92.3,40.1,40.1,15.45,-18.36,-11.36,11.6,11.6,47.5,47.5,1.38,8.15,3.67,2.76,2.9,2.9,13.7,13.7
Burundi,BDI,Sub-Saharan Africa,0,0,0,0,38.6,0,0,0,20.8,31,46.3,2.8,6.9,11,15,7.1,8.8,9.6,10199270,30.3,51.5,69.2,25.1,25.1,71.7,89.2,96.8,64.9,64.9,0,0,0,26.9,26.9,68.8,68.8,0,0,0,0,9.2,9.2,27.6,27.6
Cabo Verde,CPV,Sub-Saharan Africa,0,0,0,0,0,0,0,0,0,0,0,0,0,0,0,0,0,0,532913,0,0,0,0,0,0,0,0,35,35,0,0,0,0,0,0,0,0,0,0,0,0,0,0,0
Cambodia,KHM,Central & Eastern Asia,0,0,0,0,0,0,0,0,0,0,0,0,0,0,0,0,0,0,15517635,0,0,0,3.1,3.1,0,0,0,17.7,17.7,0,0,0,0,0,20.8,20.8,0,0,0,0,0,0,6.4,6.4
Cameroon,CMR,Sub-Saharan Africa,0,4.55,4.1,0,46.6,0,0,0,21.6,35,51.7,1.7,4.5,8.5,13.7,5.3,10,15.3,22834522,7.6,18.7,35.1,14.4,14.4,23.8,44.8,69,37.5,37.5,0,0,0,22.9,22.9,56.8,56.8,0,18.42,7.64,0,1.8,1.8,8.9,8.9
Canada,CAN,Australia & North America,0,0,0,0,34,0,0,0,23.3,25.3,40.8,2.4,6.6,12.3,17,0.1,0.2,0.4,35832513,0.2,0.3,0.5,0,0,0.3,0.7,1,0,0,0,0,0,0,0,0,0,0,0,0,0,0,0,0,0
Central African Republic,CAF,Sub-Saharan Africa,0,0,0,0,0,0,0,0,0,0,0,0,0,0,0,0,0,0,4546100,0,0,0,0,0,0,0,0,0,0,0,0,0,0,0,0,0,0,0,0,0,0,0,0,0
Chad,TCD,Sub-Saharan Africa,0,0,0,0,43.3,0,0,0,21.8,32.4,48.8,1.8,4.9,9.7,14.8,4.7,8.2,10.6,14009413,15.3,30.8,50.6,19.7,19.7,38.4,66.5,86.2,46.7,46.7,0,0,0,22.6,22.6,52.5,52.5,0,0,0,0,6.6,6.6,20.9,20.9
Chile,CHL,Latin America and the Caribbean,5.97,4.72,5.41,5.49,47.7,71.01,82.77,94.56,19.7,38,53.6,1.7,4.8,8.9,13,0.2,0.5,1.8,17762681,0.8,1.3,3.3,0,0,1.3,3.1,10.1,11.7,11.7,28.99,17.23,5.44,0,0,27.9,27.9,7.37,82.28,31.13,21.63,0,0,12.4,12.4
China,CHN,Central & Eastern Asia,8.87,0,0,8.23,42.2,0,0,0,22.3,31.4,47.9,2.1,5.2,9.8,14.8,18.5,129.5,429.6,1371220000,0.3,2.1,9.7,0,0,1.4,9.5,31.5,5.7,5.7,0,0,0,0,0,7.2,7.2,0,0,0,0,0,0,0,0
Colombia,COL,Latin America and the Caribbean,0,-0.54,1.4,0,51.1,39.25,39.12,45.91,20,40,55.9,1.3,3.8,7.9,12.5,2.2,5.7,13.8,48228697,1.7,4.3,11,10.3,10.3,4.5,11.9,28.7,27.8,27.8,60.75,60.88,54.09,15.7,15.7,40.3,40.3,3.57,55.97,20.87,13.27,8.7,8.7,24.1,24.1
Comoros,COM,Sub-Saharan Africa,0,0,0,0,45.3,0,0,0,22.2,33.7,50.4,1.6,4.5,9.1,13.9,0.1,0.3,0.5,777424,6.3,15.4,31,0,0,18.1,38.1,63.5,42,42,0,0,0,0,0,0,0,0,0,0,0,0,0,0,0
"Congo, Dem. Rep.",COD,Sub-Saharan Africa,0,0,0,0,42.1,0,0,0,21.6,32,48.4,2.1,5.5,10,14.5,53.2,63,67.5,76196619,39.2,58,73.7,0,0,77.1,91.3,97.8,63.9,63.9,0,0,0,0,0,0,0,0,0,0,0,0,0,0,0
"Congo, Rep.",COG,Sub-Saharan Africa,0,0,0,0,48.9,0,0,0,20.7,37.9,53.7,1.6,4.2,8.2,13.2,1.7,2.8,3.7,4995648,14.9,29.1,47.6,16.7,16.7,37,61.3,82.4,46.5,46.5,0,0,0,31.9,31.9,74.8,74.8,0,0,0,0,9.2,9.2,0,0
Costa Rica,CRI,Latin America and the Caribbean,0,1.71,1.98,0,48.4,87.63,146,96.11,20.6,36.8,53.9,1.5,4.3,8.4,12.8,0.1,0.2,0.6,4807852,0.6,1.4,3.9,8.8,8.8,1.5,4,11.5,21.7,21.7,12.37,-46,3.89,11.9,11.9,27.9,27.9,6.69,82.01,32.51,21.42,7.6,7.6,19.4,19.4
Cote d'Ivoire,CIV,Sub-Saharan Africa,0.74,-0.34,-0.24,-0.22,41.5,0,0,0,21.6,31.9,47.8,2.1,5.7,10.2,14.6,6.5,13.3,19,23108472,9.1,23.3,43.6,16.3,16.3,28.2,57.4,82.2,46.3,46.3,0,0,0,21.5,21.5,56.8,56.8,1.53,12.5,5.46,3.84,11.2,11.2,35.9,35.9
Croatia,HRV,Southern Europe,0.02,-2.54,-2.45,-0.65,30.8,0,0,0,23.5,23,38.1,2.7,7.3,13.1,17.9,0,0.1,0.2,4203604,0.4,0.6,1.7,0,0,0.7,1.5,5.8,19.5,19.5,0,0,0,0,0,0,0,9.29,43.31,24.02,18.22,0,0,0,0
Cyprus,CYP,Western Asia,-4.34,-1.21,-2.7,-3.04,34,0,0,0,21.7,27.4,42.1,3.2,7.9,12.1,16.2,0,0,0,1160985,0,0,0,0,0,0,0,0.2,0,0,0,0,0,0,0,0,0,21.66,120.93,56.41,43.38,0,0,0,0
Czech Republic,CZE,Eastern Europe,1.42,0,0.18,1.03,25.9,0,0,0,21.9,22.1,35.9,3.9,9.7,14.7,17.8,0,0,0,10546059,0,0,0,0,0,0,0,0.4,9.7,9.7,0,0,0,0,0,0,0,17.15,60,34.19,28.2,0,0,0,0
Denmark,DNK,Northern Europe,0.57,2.78,1.32,0.45,28.2,0,0,0,21.8,23.8,37.7,3.7,9.4,13.9,17.2,0,0,0,5683483,0.1,0.2,0.2,0,0,0.2,0.2,0.5,0,0,0,0,0,0,0,0,0,29.8,121.77,66.28,51.93,0,0,0,0
Djibouti,DJI,Sub-Saharan Africa,0,0,0,0,44.1,0,0,0,20.9,34.1,50,1.7,4.9,9.7,14.6,0.2,0.4,0.7,927414,7.5,18,36.2,0,0,22.5,44.6,74.8,23,23,0,0,0,0,0,0,0,0,0,0,0,0,0,0,0
Dominican Republic,DOM,Latin America and the Caribbean,0,1.75,2.52,0,44.7,81.8,80.11,77.76,21,34.5,50.6,1.9,5.1,9.4,13.9,0.2,0.7,2.4,10528394,0.5,2,7.2,0,0,1.9,7,22.7,32.3,32.3,18.2,19.89,22.24,0,0,51.2,51.2,4.22,48.65,20.05,12.54,0,0,36.3,36.3
Ecuador,ECU,Latin America and the Caribbean,0,1.33,2.46,0,46,68.44,61.06,68.18,21.3,34.9,51.3,1.6,4.6,9.1,13.8,0.6,1.5,4,16144368,1.2,3.3,8.8,8.5,8.5,3.4,9.4,24.7,23.3,23.3,31.56,38.94,31.82,13.6,13.6,35.3,35.3,4.1,42.94,17.26,12.26,5.1,5.1,16.4,16.4
"Egypt, Arab Rep.",EGY,Northern Africa,2.58,-1.58,0.26,0.78,31.8,27.39,28.65,49.62,20.6,27.8,41.5,3.9,9.1,12.8,16,1.3,15.1,58.1,93778172,0.2,3,18.5,0,0,1.3,16.1,61.9,27.8,27.8,72.61,71.35,50.38,0,0,32.3,32.3,2.99,13.65,6.76,5.25,0,0,15.3,15.3
El Salvador,SLV,Latin America and the Caribbean,0,1.62,2.12,0,40.6,64.44,72.46,74.74,21.4,31.8,47.2,2.4,6.1,10.5,14.8,0.1,0.6,2,6312478,0.4,2.4,10,0,0,1.9,9.9,31.8,34.9,34.9,35.56,27.54,25.26,0,0,37.9,37.9,3.46,32.78,14.26,8.86,0,0,28.5,28.5
Equatorial Guinea,GNQ,Sub-Saharan Africa,0,0,0,0,0,0,0,0,0,0,0,0,0,0,0,0,0,0,1175389,0,0,0,0,0,0,0,0,0,0,0,0,0,0,0,0,0,0,0,0,0,0,0,0,0
Eritrea,ERI,Sub-Saharan Africa,0,0,0,0,0,0,0,0,0,0,0,0,0,0,0,0,0,0,4474690,0,0,0,0,0,0,0,0,0,0,0,0,0,0,0,0,0,0,0,0,0,0,0,0,0
Estonia,EST,Northern Europe,6.15,5.46,4.36,6.62,32.7,0,0,0,23.2,24.4,40.4,2.7,7.5,12.5,16.4,0,0,0,1315407,0.4,0.5,0.9,0,0,0.5,1,2,21.8,21.8,0,0,0,0,0,0,0,14.44,71.52,36.62,29.04,0,0,0,0
Ethiopia,ETH,Sub-Saharan Africa,1.67,0,0,4.91,39.1,218.4,129.88,70.16,20.6,31.4,46.7,2.6,6.6,11,15,27.4,62.9,86.7,99873033,7.7,22.7,45,7.8,7.8,26.7,61.4,84.7,29.6,29.6,-118.4,-29.88,29.84,8,8,30.4,30.4,1.61,0,0,3.66,6.9,6.9,25.7,25.7
Fiji,FJI,Central & Eastern Asia,1,-3.02,-1.23,-0.86,36.4,0,0,0,21.4,29.4,44.4,3.2,7.6,11.4,15.2,0,0.1,0.4,892149,0.2,2.9,15.2,0,0,1.4,14.3,49.5,34,34,0,0,0,0,0,0,0,3.49,21.56,9.9,7.34,0,0,0,0
Finland,FIN,Northern Europe,0.53,-0.24,0.18,0.17,27.1,0,0,0,22.4,22.4,36.7,3.9,9.4,14,17.5,0,0,0,5479531,0,0,0.1,0,0,0,0,0.2,0,0,0,0,0,0,0,0,0,28.89,107.66,62.33,49.36,0,0,0,0
France,FRA,Western Europe,0.74,0.01,-0.02,0.21,32.7,0,0,0,21.7,26.6,40.9,3.1,7.9,12.8,16.7,0,0.2,0.2,66624068,0,0.1,0.2,0,0,0,0.2,0.2,0,0,0,0,0,0,0,0,0,27.4,137.07,69.49,53.23,0,0,0,0
Gabon,GAB,Sub-Saharan Africa,0,0,0,0,0,0,0,0,0,0,0,0,0,0,0,0,0,0,1930175,0,0,0,0,0,0,0,0,0,0,0,0,0,0,0,0,0,0,0,0,0,0,0,0,0
"Gambia, The",GMB,Sub-Saharan Africa,4.63,-1.04,2.05,-0.48,35.9,0,0,0,21.8,28.7,43.6,3,7.4,11.6,15.7,0.2,0.7,1.4,1977590,2.2,10.8,30.1,27.9,27.9,10.1,37.8,72.5,48.4,48.4,0,0,0,0,0,73.9,73.9,2.34,14.16,6.66,4.93,0,0,32.7,32.7
Georgia,GEO,Western Asia,0,0,0,0,36.4,48.14,73.02,91.66,22.6,27.8,43.4,2.6,6.8,11.4,15.9,0.1,0.6,1.7,3717100,1,4.6,16.1,0,0,4,16.7,46.7,20.8,20.8,51.86,26.98,8.34,0,0,0,0,2.46,16.15,7.37,5.97,0,0,0,0
Germany,DEU,Western Europe,0.82,-2.18,-0.59,-0.29,31.7,0,0,0,22.6,24.9,39.7,3.1,7.8,12.9,17,0,0,0.3,81686611,0,0,0.1,0,0,0,0,0.4,0,0,0,0,0,0,0,0,0,28.35,125.04,69.08,52.79,0,0,0,0
Ghana,GHA,Sub-Saharan Africa,0,0,0,0,42.4,0,0,0,21.9,31.7,48.3,2,5.4,9.8,14.6,3.2,8.6,15.9,27582821,3.5,11.1,26.2,7.8,7.8,12,32.5,60.5,24.2,24.2,0,0,0,13.1,13.1,37.9,37.9,0,0,0,0,2.5,2.5,10.6,10.6
Greece,GRC,Southern Europe,-8.35,-9.83,-9.54,-6.98,36,0,0,0,23.5,26.2,41.8,1.9,5.9,11.8,17,0.2,0.3,0.7,10820883,0.8,1.3,2.8,0,0,1.5,2.7,6.7,0,0,0,0,0,0,0,0,0,9.41,55.88,29.25,21.65,0,0,0,0
Guatemala,GTM,Latin America and the Caribbean,0,0,0,0,48.3,0,0,0,20.1,38.1,53.6,1.7,4.5,8.6,13.2,1.4,3.9,7.8,16252429,2.5,8.2,20.4,0,0,8.7,24.2,48.8,59.3,59.3,0,0,0,0,0,76.10289582,76.10289582,0,0,0,0,0,0,42.16231615,42.16231615
Guinea,GIN,Sub-Saharan Africa,0,3.05,5.04,0,33.7,0,0,0,22.4,26.4,41.5,3,7.6,12.2,16.4,4,7.9,10.4,12091533,10.3,28.4,51.7,18.4,18.4,35.3,70.3,92.3,55.2,55.2,0,0,0,22.6,22.6,64.7,64.7,0,7.58,3.84,0,9.6,9.6,35.4,35.4
Guinea-Bissau,GNB,Sub-Saharan Africa,0,0,0,0,50.7,0,0,0,18.3,42,56.7,1.6,4.5,8.3,12.2,1,1.3,1.5,1770526,30.5,49.6,66.4,0,0,67.1,84.5,93.4,69.3,69.3,0,0,0,0,0,75.6,75.6,0,0,0,0,0,0,51,51
Guyana,GUY,Latin America and the Caribbean,0,0,0,0,0,0,0,0,0,0,0,0,0,0,0,0,0,0,768514,0,0,0,0,0,0,0,0,0,0,0,0,0,0,0,0,0,0,0,0,0,0,0,0,0
Haiti,HTI,Latin America and the Caribbean,0,0,0,0,41.1,0,0,0,21.9,31.2,47.1,2.1,5.5,10.3,15.2,2.4,5,8,10711061,7.5,19.2,38.3,24.4,24.4,23.5,48.3,77.6,58.5,58.5,0,0,0,0,0,74.9,74.9,0,0,0,0,0,0,40.6,40.6
Honduras,HND,Latin America and the Caribbean,0,-5.72,-4.41,0,49.6,-215.08,-194.94,-239.7,21.4,37,54,1.3,3.6,7.8,13.2,1.4,2.9,4.8,8960829,5.6,13.3,26.1,49.3,49.3,16.2,32.2,53.8,63.8,63.8,315.08,294.94,339.7,51.1,51.1,65,65,2.15,27.45,10.73,9.13,47.7,47.7,61,61
Hungary,HUN,Eastern Europe,1.19,3.92,2.15,1.73,30.4,0,0,0,22.9,23.8,38.4,3,7.8,13.3,17.6,0,0.1,0.3,9843028,0.3,0.5,1.1,0,0,0.5,1,2.7,14.9,14.9,0,0,0,0,0,0,0,11.19,48.99,26.9,21.33,0,0,0,0
Iceland,ISL,Northern Europe,-1.33,-4.05,-2.09,-1.91,25.6,0,0,0,22.5,21.3,35.3,3.9,9.7,14.3,18.1,0,0,0,330815,0,0,0.1,0,0,0,0,0.2,0,0,0,0,0,0,0,0,0,27.34,100.25,59.47,46.62,0,0,0,0
India,IND,Southern Asia,0,0,0,0,35.1,0,0,0,20.6,29.8,44,3.6,8.3,11.9,15.3,268.1,762.9,1096.5,1309053980,4.3,19.7,43.5,4,4,21.2,60.4,86.8,21.9,21.9,0,0,0,4.6,4.6,25.7,25.7,0,0,0,0,2.5,2.5,13.7,13.7
Indonesia,IDN,Central & Eastern Asia,4.05,3.05,3.32,3.62,39.5,84.98,91.52,99.77,20.7,31.9,47.4,3.1,7.2,10.4,14.3,18.5,85.5,172.9,258162113,1.2,9,27,1.8,1.8,7.2,33.1,67,11.2,11.2,15.02,8.48,0.23,2.3,2.3,14.2,14.2,2.39,16.88,7.32,5.39,1.3,1.3,8.3,8.3
"Iran, Islamic Rep.",IRN,Southern Asia,1.26,-2.2,-1.74,-1.26,38.8,-13.67,-42.78,-64.42,21.9,29.8,45.6,2.4,6.3,10.9,15.3,0.2,2,8.2,79360487,0,0.5,2.8,0,0,0.2,2.5,10.5,0,0,113.67,142.78,164.42,0,0,0,0,7.02,48.7,22.55,16.34,0,0,0,0
Iraq,IRQ,Western Asia,0,1.17,1.3,0,29.5,0,0,0,22.5,23.7,38.5,3.7,8.8,13.1,17.1,0.8,5.9,18.8,36115649,0.4,3.9,18.4,4.1,4.1,2.5,17.9,57.3,18.9,18.9,0,0,0,7.6,7.6,30.6,30.6,0,13.93,7.65,0,2.5,2.5,14.8,14.8
Ireland,IRL,Northern Europe,0.24,-0.75,-0.34,-0.23,31.9,0,0,0,22.5,24.9,40.1,3.1,7.9,12.8,16.7,0,0,0,4646554,0.3,0.4,0.5,0,0,0.5,0.5,1,0,0,0,0,0,0,0,0,0,23.18,111.84,59.31,44.86,0,0,0,0
Israel,ISR,Western Asia,0,0,0,0,41.4,0,0,0,23.5,29.6,46,1.7,4.7,10,15.7,0.1,0.1,0.4,8380100,0.3,0.5,1.4,0,0,0.7,1.3,4.7,0,0,0,0,0,0,0,0,0,0,0,0,0,0,0,0,0
Italy,ITA,Southern Europe,-2.6,-1.63,-1.68,-1.9,34.7,0,0,0,23.3,25.5,41,2,6.2,12.3,17.2,0.7,1,1.7,60730582,0.9,1.1,1.6,0,0,1.2,1.7,2.7,0,0,0,0,0,0,0,0,0,18.01,100.42,53.36,39.23,0,0,0,0
Jamaica,JAM,Latin America and the Caribbean,0,0,0,0,0,0,0,0,0,0,0,0,0,0,0,0,0,0,2871934,0,0,0,0,0,0,0,0,19.9,19.9,0,0,0,0,0,0,0,0,0,0,0,0,0,0,0
Japan,JPN,Central & Eastern Asia,0,0,0,0,0,0,0,0,0,0,0,0,0,0,0,0,0,0,127141000,0,0,0,0,0,0,0,0,0,0,0,0,0,0,0,0,0,0,0,0,0,0,0,0,0
Jordan,JOR,Western Asia,4.46,7.31,5.99,5.66,33.7,0,0,0,21.5,27.5,42.4,3.5,8.2,12.1,15.8,0,0.1,1.3,9159302,0,0.4,3.8,3.6,3.6,0.1,2.1,18.1,14.4,14.4,0,0,0,0,0,16.8,16.8,5.53,29.92,14.48,10.9,0,0,13.9,13.9
Kazakhstan,KAZ,Central & Eastern Asia,4.09,-1.37,0.08,3.47,26.9,63.5,54.27,86.03,22.2,22.6,36.9,4.3,10,13.7,17.2,0,0.1,1.3,17544126,0,0.1,1.1,0.3,0.3,0,0.3,7.7,2.7,2.7,36.5,45.73,13.97,0,0,4.4,4.4,6.72,21.37,12.47,11.36,0,0,1.3,1.3
Kenya,KEN,Sub-Saharan Africa,0,0,0,0,0,0,0,0,0,0,0,0,0,0,0,0,0,0,47236259,0,0,0,0,0,0,0,0,36.1,36.1,0,0,0,0,0,0,0,0,0,0,0,0,0,0,0
Kiribati,KIR,Central & Eastern Asia,0,0,0,0,0,0,0,0,0,0,0,0,0,0,0,0,0,0,112407,0,0,0,0,0,0,0,0,0,0,0,0,0,0,0,0,0,0,0,0,0,0,0,0,0
"Korea, Rep.",KOR,Central & Eastern Asia,0,0,0,0,31.6,0,0,0,23.2,23.8,39,2.6,7.3,13,17.5,0.2,0.3,0.7,51014947,0.1,0.3,0.5,0,0,0.3,0.7,1.3,0,0,0,0,0,0,0,0,0,0,0,0,0,0,0,0,0
Kyrgyz Republic,KGZ,Central & Eastern Asia,0,-3.82,-3.25,0,29,-2,-8.18,18.27,21.5,24.8,38.8,4.1,9.5,13.4,16.8,0.2,1.4,4.2,5956900,0.5,4.7,23.1,5.4,5.4,2.5,23.2,69.9,32.1,32.1,102,108.18,81.73,7.9,7.9,33.6,33.6,3.07,10.75,5.86,5.3,7.3,7.3,29.3,29.3
Lao PDR,LAO,Central & Eastern Asia,0,2.59,2.4,0,36.4,0,0,0,21,29.8,44.6,3.2,7.6,11.5,15.3,1.5,3.8,5.5,6663967,5.3,20,42.9,5.5,5.5,22.7,58.7,85,23.4,23.4,0,0,0,6.8,6.8,28.6,28.6,0,11.18,5.06,0,2.3,2.3,10,10
Latvia,LVA,Northern Europe,7.52,3.58,3.6,6.47,34.2,0,0,0,22.8,26.1,41.5,2.5,7.1,12.3,16.4,0,0,0.1,1977527,0.4,0.7,1.5,0,0,0.7,1.5,4,22.5,22.5,0,0,0,0,0,0,0,11.11,57.55,29.19,23.16,0,0,0,0
Lebanon,LBN,Western Asia,0,0,0,0,31.8,0,0,0,22.5,24.8,40,3.1,7.9,12.7,17,0,0,0.1,5851479,0,0,0.3,7,7,0,0.1,2,27.4,27.4,0,0,0,0,0,0,0,0,0,0,0,0,0,0,0
Lesotho,LSO,Sub-Saharan Africa,0,0,0,0,54.2,0,0,0,20.3,40.9,58.2,0.9,2.8,6.8,11.9,1.2,1.6,1.8,2174645,31.8,47.6,63.2,29.5,29.5,59.6,78.1,89.9,57.1,57.1,0,0,0,32.2,32.2,61.2,61.2,0,0,0,0,17.9,17.9,39.6,39.6
Liberia,LBR,Sub-Saharan Africa,0,0,0,0,33.2,0,0,0,22.3,26,41.3,3.2,7.7,12.1,16.5,1.7,3.2,4.1,4499621,11.7,30.7,53.8,0,0,38.6,73.8,93,54.1,54.1,0,0,0,0,0,0,0,0,0,0,0,0,0,0,0
Lithuania,LTU,Northern Europe,6.65,4.85,3.82,8.1,37.4,0,0,0,22.1,28.6,44.1,2.1,6.1,11.6,15.9,0,0,0.1,2904910,0.5,0.8,1.6,0,0,0.7,1.5,4.2,22.2,22.2,0,0,0,0,0,0,0,10.91,65.28,31.01,24.79,0,0,0,0
Luxembourg,LUX,Western Europe,-0.09,-0.22,-0.3,-0.28,31.2,0,0,0,22.9,24.3,39.1,3.2,7.9,12.9,17.2,0,0,0,569604,0,0.1,0.2,0,0,0.2,0.2,0.2,0,0,0,0,0,0,0,0,0,36.7,173.01,94.13,71.16,0,0,0,0
"Macedonia, FYR",MKD,Southern Europe,6.2,0,0,1.9,35.6,0,0,0,24.3,25,41,1.7,5.6,11.9,17.2,0.1,0.2,0.5,2079308,2.5,4.5,9.8,0,0,5,10,25.1,21.5,21.5,0,0,0,0,0,0,0,0,0,0,0,0,0,0,0
Madagascar,MDG,Sub-Saharan Africa,-2.69,-2.53,-1.03,-1.05,42.6,-78.12,-112.02,-49.84,20.7,33.5,49.4,2.2,5.7,10,14.1,17.3,20.3,21.8,24234088,39,57.9,73.4,0,0,77.6,91,97.3,70.7,70.7,178.12,212.02,149.84,0,0,0,0,0.61,5.14,2.15,1.54,0,0,0,0
Malawi,MWI,Sub-Saharan Africa,0,0,0,0,45.5,0,0,0,20,36.9,51.8,2.2,5.5,9.3,13.4,10.8,13.5,14.6,17573607,33.6,53.2,70,18.9,18.9,71.4,88.8,96.1,50.7,50.7,0,0,0,21.4,21.4,56.6,56.6,0,0,0,0,4.8,4.8,17.3,17.3
Malaysia,MYS,Central & Eastern Asia,0,0,0,0,46.3,0,0,0,21.8,34.6,51.4,1.7,4.6,8.6,13.7,0.1,0.9,3.8,30723155,0,0.6,3.7,0.8,0.8,0.3,3.1,13.6,0.6,0.6,0,0,0,1.8,1.8,1.6,1.6,0,0,0,0,0.3,0.3,0.3,0.3
Maldives,MDV,Southern Asia,0,0,0,0,38.4,0,0,0,21.9,29.9,45,2.5,6.4,11,15.7,0,0.1,0.2,418403,1.5,7.3,21,4.1,4.1,7.3,24.4,54.3,15.7,15.7,0,0,0,3.5,3.5,14.3,14.3,0,0,0,0,5.3,5.3,18.2,18.2
Mali,MLI,Sub-Saharan Africa,0,0,0,0,33,0,0,0,22.5,25.7,41.3,3.3,8,12.1,16.2,7.5,12,14.3,17467905,15.5,36.3,58.4,13.2,13.2,49.7,79.4,94.9,43.6,43.6,0,0,0,15.6,15.6,50.6,50.6,0,0,0,0,4.8,4.8,18.9,18.9
Malta,MLT,Southern Europe,4.52,3.19,3.42,3.67,29,0,0,0,22.5,23.3,37.8,3.5,8.6,13.5,17.6,0,0,0,431874,0,0,0,0,0,0,0,0,0,0,0,0,0,0,0,0,0,23.25,96.65,53.93,42.21,0,0,0,0
Mauritania,MRT,Sub-Saharan Africa,3.17,0.57,1.1,1.44,32.6,0,0,0,23,24.9,40.2,3,7.5,12.4,16.9,0.2,1,2.4,4182341,1.4,6.7,21.6,0,0,6,24.1,58.8,31,31,0,0,0,0,0,0,0,2.86,14.27,7.69,5.74,0,0,0,0
Mauritius,MUS,Sub-Saharan Africa,0,1.05,0.89,0,35.8,0,0,0,21.2,29,43.9,3,7.4,11.8,15.7,0,0,0.2,1262605,0.1,0.7,4.4,0,0,0.5,3.2,18.1,7.9,7.9,0,0,0,0,0,0,0,0,33.55,15.57,0,0,0,0,0
Mexico,MEX,Latin America and the Caribbean,0.51,2.62,1,0.74,45.8,26.2,122.78,0,19.6,37.2,52.2,2,5.4,9.4,13.4,5,17.7,50.3,125890949,1,4.1,13.8,0.442,0.442,4.1,14.2,40.5,46.2,46.2,73.8,-22.78,0,0,0,62.4,62.4,3.96,42.24,15.48,11.75,0,0,50.5,50.5
"Micronesia, Fed. Sts.",FSM,Central & Eastern Asia,0,0,0,0,40.1,0,0,0,22.5,29.7,46,1.9,5.5,10.7,15.3,0,0,0.1,104433,5.7,14.7,32.2,15.1,15.1,16,39.5,69.6,41.2,41.2,0,0,0,0,0,0,0,0,0,0,0,0,0,0,0
Moldova,MDA,Eastern Europe,0,-0.92,0.8,0,27,19.51,10.76,13.77,22.3,22.5,36.9,4.1,9.7,13.7,17.5,0,0.1,0.6,3554108,0,0.2,3.1,1.5,1.5,0,1.4,16.3,9.6,9.6,80.49,89.24,86.23,4.1,4.1,18.8,18.8,4.92,21.75,12.33,9.19,1.3,1.3,8.2,8.2
Mongolia,MNG,Central & Eastern Asia,0,6.79,6.81,0,32,0,0,0,22.3,25.5,40.3,3.3,8.1,12.6,16.7,0,0.1,0.5,2976877,0,0.5,4.5,5.2,5.2,0.2,3.2,18.7,21.6,21.6,0,0,0,5.8,5.8,26.4,26.4,4.33,26.94,13.98,8.78,4.9,4.9,18.8,18.8
Montenegro,MNE,Southern Europe,-2.73,-1.51,-2.09,-2.27,31.9,0,0,0,22.1,25.7,40.5,3.5,8.5,12.3,16.6,0,0,0,622159,0,0.1,1.1,1.1,1.1,0,0.8,4.8,8.6,8.6,0,0,0,1.5,1.5,9.7,9.7,7.52,37.4,19.21,14.51,2.9,2.9,7.9,7.9
Morocco,MAR,Northern Africa,0,0,0,0,0,0,0,0,0,0,0,0,0,0,0,0,0,0,34803322,0,0,0,0,0,0,0,0,0,0,0,0,0,0,0,0,0,0,0,0,0,0,0,0,0
Mozambique,MOZ,Sub-Saharan Africa,1.56,0,0,5.25,54,0,0,0,17.4,45.5,59.5,1.6,4.2,7.6,11.2,17.1,22.3,25,28010691,28,46.6,63.9,0,0,62.9,81.9,92,46.1,46.1,0,0,0,0,0,0,0,0.78,0,0,2.64,0,0,0,0
Myanmar,MMR,Central & Eastern Asia,0,0,0,0,38.1,0,0,0,20.6,31.7,45.7,3,7.3,11.3,15,3.3,15.6,35.4,52403669,1.5,7.8,25.9,0,0,6.4,29.8,67.6,32.1,32.1,0,0,0,0,0,0,0,0,0,0,0,0,0,0,0
Namibia,NAM,Sub-Saharan Africa,0,0,0,0,61,0,0,0,15.7,51.8,66.4,1.3,3.3,5.7,8.9,0.5,1,1.5,2425561,6.6,18.6,35.4,8.8,8.8,22.6,47,67.3,28.7,28.7,0,0,0,11.6,11.6,37.4,37.4,0,0,0,0,4.4,4.4,14.6,14.6
Nepal,NPL,Southern Asia,0,0,0,0,32.8,0,0,0,21.8,26.4,41.5,3.5,8.3,12.1,16.2,4,13.7,22.4,28656282,3.1,15.8,38.5,5.4,5.4,15,50.8,83,25.2,25.2,0,0,0,6,6,27.4,27.4,0,0,0,0,3.2,3.2,15.5,15.5
Netherlands,NLD,Western Europe,0.67,-0.04,-0.78,0.85,29.3,0,0,0,22.2,23.9,38.2,3.4,8.7,13.6,17.3,0,0,0.1,16939923,0,0.1,0.2,0,0,0,0.2,0.5,0,0,0,0,0,0,0,0,0,28.84,114.54,63.44,52.43,0,0,0,0
Nicaragua,NIC,Latin America and the Caribbean,5.64,8.18,6.5,6.52,46.2,93.95,116.49,109.29,20,37.2,52.1,2,5.1,9.2,13.7,0.2,0.8,2.1,6082035,0.7,3.4,12.1,8.1,8.1,3.2,12.8,34.8,29.6,29.6,6.05,-16.49,-9.29,0,0,50.1,50.1,3.87,39.8,15.2,10.83,0,0,14.8,14.8
Niger,NER,Sub-Saharan Africa,0,2.54,4.83,0,34.3,0,0,0,22,27,42.4,3.2,7.8,11.8,16,8.5,14.7,17.9,19896965,13.5,33.6,55.9,19.6,19.6,44.5,76.9,93.4,44.5,44.5,0,0,0,15.3,15.3,55.2,55.2,0,6.79,3.41,0,11.3,11.3,18.6,18.6
Nigeria,NGA,Sub-Saharan Africa,0,0,0,0,43,0,0,0,21.6,32.7,49,2,5.4,9.7,14.4,84.8,123.1,146.1,181181744,21.8,40.3,59.6,17,17,53.5,77.6,92.1,46,46,0,0,0,20.1,20.1,52.8,52.8,0,0,0,0,11.6,11.6,34.1,34.1
Norway,NOR,Northern Europe,2.11,3.11,2.9,2.95,27.5,0,0,0,22.7,22.3,36.5,3.5,9,14.1,17.7,0,0,0,5190239,0,0.1,0.2,0,0,0.2,0.2,0.2,0,0,0,0,0,0,0,0,0,40.57,151.79,89.75,70.92,0,0,0,0
Pakistan,PAK,Southern Asia,2.82,1.76,2.46,2.62,30.7,0,0,0,21.3,26,40.3,4,9.2,12.9,16.4,11.3,73.7,147.5,189380513,0.9,9.5,32,5.83,5.83,6.1,39.7,79.5,29.5,29.5,0,0,0,7.17,7.17,35.6,35.6,2.44,11.52,5.74,4.42,3.32,3.32,18.24,18.24
Palau,PLW,Central & Eastern Asia,0,0,0,0,0,0,0,0,0,0,0,0,0,0,0,0,0,0,21288,0,0,0,0,0,0,0,0,0,0,0,0,0,0,0,0,0,0,0,0,0,0,0,0,0
Panama,PAN,Latin America and the Caribbean,0,4.5,4.82,0,50.8,147.77,147.58,93.12,20.5,39,55.3,1.1,3.4,8,12.8,0.1,0.3,0.6,3969249,0.5,2.1,5.9,0,0,2,6.7,15.4,23,23,-47.77,-47.58,6.88,0,0,0,49.9,5.74,89,33.42,20.4,0,0,0,14.7
Papua New Guinea,PNG,Central & Eastern Asia,0,0,0,0,41.9,0,0,0,22.4,31,47.3,1.9,5.1,10,15.2,2.7,4.7,6.2,7919825,14.8,30.2,50.2,15.7,15.7,38,65.6,86.9,39.9,39.9,0,0,0,16.4,16.4,41.6,41.6,0,0,0,0,11.2,11.2,29.3,29.3
Paraguay,PRY,Latin America and the Caribbean,0,4.86,5.33,0,47.6,21.34,20.72,38.17,20.9,36.7,52.7,1.6,4.3,8.7,13.4,0.1,0.5,1.3,6639119,0.4,2,6.7,0,0,1.9,6.9,20,26.6,26.6,78.66,79.28,61.83,0,0,0,0,4.21,64.29,25.39,15.02,0,0,0,0
Peru,PER,Latin America and the Caribbean,0,1.3,2.71,0,43.5,65.77,63.07,71.27,21.8,32.8,48.8,1.6,4.7,9.8,14.8,1.1,3.2,7.6,31376671,1,3.4,9.2,5.4,5.4,3.6,10.4,24.3,21.8,21.8,34.23,36.93,28.73,13.7,13.7,46,46,4.11,46.02,19.97,12.04,3.3,3.3,15.3,15.3
Philippines,PHL,Central & Eastern Asia,2.43,0.7,1.21,1.38,40.1,52.2,60.23,74.71,21.4,31.3,47.3,2.7,6.6,10.2,14.5,8.5,34.3,65.3,101716359,1.6,9.4,26.6,5.14329,5.14329,8.3,33.7,64.2,21.6,21.6,47.8,39.77,25.29,0,0,0,0,2.74,25.52,10.39,7.33,0,0,13.03002,13.03002
Poland,POL,Eastern Europe,2.52,0.93,1.41,2.07,31.8,0,0,0,22.5,25.1,40.1,3.3,8.1,12.5,16.8,0,0.1,1.4,37986412,0,0,0.6,0,0,0,0.2,3.6,17.3,17.3,0,0,0,0,0,0,0,12.46,59.17,31.41,24.7,0,0,0,0
Portugal,PRT,Southern Europe,-0.87,-2.13,-1.97,-0.74,35.5,0,0,0,22.3,27.3,42.7,2.4,6.7,12,16.3,0.1,0.1,0.3,10358076,0.3,0.5,1.1,0,0,0.5,1.2,3,0,0,0,0,0,0,0,0,0,12.55,69.89,34.55,26.84,0,0,0,0
Romania,ROU,Eastern Europe,0.06,2,0.41,1.14,27.5,0,0,0,23.1,21.6,36.4,3.6,8.9,13.7,17.9,0,0.9,4.8,19815481,0,0.8,6,0,0,0,4.5,24.2,25.3,25.3,0,0,0,0,0,0,0,4.26,28.27,14.08,10.27,0,0,0,0
Russian Federation,RUS,Eastern Europe,1.62,-0.12,0.28,0.48,37.7,1.88,2.57,4.17,21.5,29.7,45.3,2.8,6.9,11.1,15.2,0,0.4,3.9,144096870,0,0,0.5,1.3,1.3,0,0.3,2.7,13.3,13.3,98.12,97.43,95.83,0,0,0,0,10.07,66.41,30.62,22.36,0,0,0,0
Rwanda,RWA,Sub-Saharan Africa,0.68,-1.45,-0.67,0.07,50.4,10.45,12.36,10.07,17.4,43.2,57.1,2.1,5.2,8.4,11.8,6.8,9.2,10.4,11629553,23.1,43.1,61.6,14.8,14.8,59.5,81.1,91.3,39.1,39.1,89.55,87.64,89.93,0,0,48.7,48.7,0.94,11.72,3.91,2.76,0,0,22.1,22.1
Samoa,WSM,Central & Eastern Asia,0,0,0,0,0,0,0,0,0,0,0,0,0,0,0,0,0,0,193759,0,0,0,0,0,0,0,0,0,0,0,0,0,0,0,0,0,0,0,0,0,0,0,0,0
Sao Tome and Principe,STP,Sub-Saharan Africa,0,0,0,0,30.8,0,0,0,22.6,24.2,39.5,3.5,8.4,12.7,16.8,0.1,0.1,0.2,195553,8.6,26.8,50.7,0,0,32.3,70.1,92.3,66.2,66.2,0,0,0,0,0,0,0,0,0,0,0,0,0,0,0
Senegal,SEN,Sub-Saharan Africa,0,0,0,0,40.3,0,0,0,21.7,31,46.9,2.3,6.1,10.3,15,5.1,9,11.7,14976994,12.8,29.6,50.5,14.5,14.5,38,67.5,88.1,46.7,46.7,0,0,0,18.6,18.6,57.1,57.1,0,0,0,0,9.2,9.2,33.1,33.1
Serbia,SRB,Southern Europe,-1.7,-2.45,-1.36,-0.88,28.5,0,0,0,22.5,23.1,37.7,3.7,9,13.5,17.3,0,0.1,0.5,7095383,0,0.2,1.6,0,0,0.1,1.1,7.4,25.5,25.5,0,0,0,0,0,0,13.6,4.45,32.8,16.48,11.72,0,0,0,5.7
Seychelles,SYC,Sub-Saharan Africa,0,0,0,0,46.8,0,0,0,18.4,39.9,53,1.9,5.4,9.8,13.3,0,0,0,93419,0.4,0.9,2.4,12.6,12.6,1.1,2.5,6.6,39.3,39.3,0,0,0,0,0,0,0,0,0,0,0,0,0,0,0
Sierra Leone,SLE,Sub-Saharan Africa,0,0,0,0,34,0,0,0,21.9,26.9,42.4,3.3,7.9,11.9,15.8,3.5,5.4,6.3,7237025,16.7,38,59.6,16.1,16.1,52.2,81.3,94.7,52.9,52.9,0,0,0,21.1,21.1,66.1,66.1,0,0,0,0,7.7,7.7,31.2,31.2
Slovak Republic,SVK,Eastern Europe,-0.62,-1.94,-0.54,-0.61,26.5,0,0,0,23.2,20.9,35,3.1,8.5,14.6,18.7,0,0.1,0.2,5423801,0.3,0.5,1,0,0,0.7,1,3,12.6,12.6,0,0,0,0,0,0,0,12.77,44.33,28.02,22.25,0,0,0,0
Slovenia,SVN,Southern Europe,-0.78,-0.09,-0.5,-0.56,25.4,0,0,0,22.6,21,35.1,3.9,9.6,14.5,18.2,0,0,0,2063531,0,0,0,0,0,0,0,0.2,14.3,14.3,0,0,0,0,0,0,0,20.31,71.13,42.57,33.74,0,0,0,0
Solomon Islands,SLB,Central & Eastern Asia,0,0,0,0,37.1,0,0,0,21.5,29.2,44.6,2.8,7,11.4,15.5,0.1,0.3,0.5,587482,6.8,21.4,43.5,3.2,3.2,25.1,58.8,84.7,12.7,12.7,0,0,0,0,0,0,0,0,0,0,0,0,0,0,0
South Africa,ZAF,Sub-Saharan Africa,-1.55,-1.68,-1.31,-1.43,63,77.39,134.02,215.67,16.5,50.5,68.2,0.9,2.4,4.8,8.2,10.4,20.7,31.4,55291225,6.2,15.2,29.2,0,0,18.9,37.6,57.1,55.5,55.5,22.61,-34.02,-115.67,0,0,0,0,1.99,56.21,17.23,11.11,0,0,0,0
South Sudan,SSD,Sub-Saharan Africa,0,0,0,0,46.3,0,0,0,22.8,33.2,50.6,1.3,3.9,8.6,14.2,4.1,6.3,8.2,11882136,18.9,33.3,51.3,23.7,23.7,42.7,64.8,84.8,50.6,50.6,0,0,0,26.5,26.5,55.4,55.4,0,0,0,0,8.8,8.8,24.4,24.4
Spain,ESP,Southern Europe,-2.16,-3.17,-3.02,-1.53,36.2,0,0,0,23.5,26.2,42.1,1.9,5.8,11.7,17,0.5,0.7,1.5,46444832,0.6,0.9,1.5,0,0,1,1.5,3.2,0,0,0,0,0,0,0,0,0,15.9,92.53,48.88,36.58,0,0,0,0
Sri Lanka,LKA,Southern Asia,0,6.4,4.27,0,39.2,105.11,113.18,102.86,20.5,32.2,47,3,7.1,10.8,14.5,0.4,3.3,10.4,20966000,0.3,3.4,16.3,1.2,1.2,1.9,16.1,51,6.7,6.7,-5.11,-13.18,-2.86,1.4,1.4,7.6,7.6,3.37,24.18,10.26,7.51,0.3,0.3,2.1,2.1
St. Lucia,LCA,Latin America and the Caribbean,0,0,0,0,0,0,0,0,0,0,0,0,0,0,0,0,0,0,177206,0,0,0,0,0,0,0,0,0,0,0,0,0,0,0,0,0,0,0,0,0,0,0,0,0
Sudan,SDN,Northern Africa,0,0,0,0,35.4,0,0,0,22.9,26.7,42.4,2.6,6.8,11.7,16.3,5,13.6,24.6,38647803,4,13.6,32.6,16.2,16.2,14.9,40.5,73.2,46.5,46.5,0,0,0,21.3,21.3,57.6,57.6,0,0,0,0,7.1,7.1,26.5,26.5
Suriname,SUR,Latin America and the Caribbean,0,0,0,0,0,0,0,0,0,0,0,0,0,0,0,0,0,0,553208,0,0,0,0,0,0,0,0,0,0,0,0,0,0,0,0,0,0,0,0,0,0,0,0,0
Swaziland,SWZ,Sub-Saharan Africa,0,0,0,0,51.5,0,0,0,19.9,40,56.7,1.5,4,7.5,11.8,0.5,0.8,1,1319011,16.6,32.1,49.7,30.4,30.4,42,64.4,82,63,63,0,0,0,36.9,36.9,73.1,73.1,0,0,0,0,10.3,10.3,31.1,31.1
Sweden,SWE,Northern Europe,0.62,2.43,2.07,1.91,29.2,0,0,0,22.8,22.9,37.6,3,8.2,13.9,17.6,0,0.1,0.1,9799186,0.3,0.4,0.6,0,0,0.5,0.7,1,0,0,0,0,0,0,0,0,0,29.49,115.53,68.43,53.85,0,0,0,0
Switzerland,CHE,Western Europe,1.22,0.06,0.47,0.99,32.5,0,0,0,22.5,25.5,40.5,3.2,7.8,12.5,16.6,0,0,0,8282396,0,0,0,0,0,0,0,0,0,0,0,0,0,0,0,0,0,33.74,168.19,87.49,66.64,0,0,0,0
Syrian Arab Republic,SYR,Western Asia,0,0,0,0,0,0,0,0,0,0,0,0,0,0,0,0,0,0,18734987,0,0,0,0,0,0,0,0,0,0,0,0,0,0,0,0,0,0,0,0,0,0,0,0,0
Tajikistan,TJK,Central & Eastern Asia,2.3,5.09,3.96,3.58,34,0,168.95,118.21,22.4,26.4,41.7,3,7.4,12,16.4,0.4,1.7,4.6,8548651,1,5.3,18.9,0,0,4.8,20.3,54.2,31.3,31.3,0,-68.95,-18.21,0,0,35.2,35.2,3.08,16.75,8.52,6.34,0,0,23.2,23.2
Tanzania,TZA,Sub-Saharan Africa,0,0.14,0.41,0,37.8,0,0,0,20.7,31,45.8,3.1,7.4,11.1,14.9,24.1,38.8,45.7,53879957,15.4,36.3,57.8,6.7,6.7,49.1,79,93.1,28.2,28.2,0,0,0,7.8,7.8,33.3,33.3,0,8.01,3.52,0,3.9,3.9,15.5,15.5
Thailand,THA,Central & Eastern Asia,4.81,2.31,3.22,3.49,37.8,0,0,0,22.1,29.2,45.1,2.9,6.9,10.8,15.1,0,0.7,7.9,68657600,0,0.1,2.3,0,0,0,1.1,11.6,10.5,10.5,0,0,0,0,0,13.9,13.9,6.54,43.16,20.25,14.77,0,0,7.7,7.7
Timor-Leste,TLS,Central & Eastern Asia,0,0,0,0,28.7,0,0,0,21.8,24,38.4,4,9.4,13.4,16.9,0.4,0.9,1.1,1240977,6.7,26.2,51.4,10.4,10.4,30.3,73.2,94,41.8,41.8,0,0,0,12.2,12.2,47.1,47.1,0,0,0,0,5.9,5.9,28.3,28.3
Togo,TGO,Sub-Saharan Africa,2.76,-1.42,0.51,0.82,43.1,37.53,45.42,0,22.4,31.6,48.6,1.9,5,9.5,14.4,3.6,5.4,6.7,7416802,19.9,37.1,56.2,22.1,22.1,49.2,73.2,90.1,55.1,55.1,62.47,54.58,0,29.2,29.2,68.7,68.7,0.99,8.56,3.86,2.71,12.4,12.4,35.9,35.9
Tonga,TON,Central & Eastern Asia,0,0,0,0,37.5,0,0,0,22.1,28.9,44.6,2.7,6.7,11,15.5,0,0,0,106364,0.3,1.9,9.2,0,0,1.1,8.9,31.9,22.5,22.5,0,0,0,0,0,0,0,0,0,0,0,0,0,0,0
Trinidad and Tobago,TTO,Latin America and the Caribbean,0,0,0,0,0,0,0,0,0,0,0,0,0,0,0,0,0,0,1360092,0,0,0,0,0,0,0,0,0,0,0,0,0,0,0,0,0,0,0,0,0,0,0,0,0
Tunisia,TUN,Northern Africa,0,0,0,0,35.8,0,0,0,22.6,27,42.9,2.6,6.7,11.6,16.1,0.2,1,3.2,11273661,0.4,2.3,9.3,0,0,2,9.1,30.3,15.2,15.2,0,0,0,0,0,0,0,0,0,0,0,0,0,0,0
Turkey,TUR,Western Asia,0,6.33,4.83,0,42.9,0,70.88,120.22,21.1,33.5,49.2,2.1,5.6,9.9,14.2,0.2,2.1,9,78271472,0.1,0.5,3.1,0,0,0.3,2.7,11.5,1.6,1.6,0,29.12,-20.22,0,0,5.1,5.1,6.45,56.13,24.87,15.73,0,0,0.6,0.6
Turkmenistan,TKM,Central & Eastern Asia,0,0,0,0,0,0,0,0,0,0,0,0,0,0,0,0,0,0,5565284,0,0,0,0,0,0,0,0,0,0,0,0,0,0,0,0,0,0,0,0,0,0,0,0,0
Tuvalu,TUV,Central & Eastern Asia,0,0,0,0,39.1,0,0,0,21.3,30.7,46.4,2.7,6.6,10.8,15,0,0,0,11001,0.4,4.3,16.1,0,0,3.3,17.6,46.7,26.3,26.3,0,0,0,0,0,27.5,27.5,0,0,0,0,0,0,24.8,24.8
Uganda,UGA,Sub-Saharan Africa,4.09,-2,0.94,1.85,41,50.35,54.52,65.79,20.6,32.9,48.3,2.5,6.4,10.4,14.3,13,24.5,31.6,40144870,10.8,28.2,49.7,5.2,5.2,35.9,67.4,87.1,19.7,19.7,49.65,45.48,34.21,5.9,5.9,22.4,22.4,1.39,11.13,4.7,3.32,2.5,2.5,9.6,9.6
Ukraine,UKR,Eastern Europe,0,0.38,-0.13,0,25.5,50,33.2,105.61,22.4,21.6,35.6,4.2,10,14.3,17.8,0.1,0.2,3.5,45154029,0,0.1,1.4,0,0,0.1,0.5,7.8,6.4,6.4,50,66.8,-5.61,0,0,0,0,7.34,24.49,14.32,11.9,0,0,0,0
United Kingdom,GBR,Northern Europe,0.26,-0.31,-0.05,0.11,33.2,0,0,0,23,25.4,40.6,2.9,7.5,12.2,16.8,0.1,0.1,0.5,65128861,0.1,0.1,0.3,0,0,0.2,0.2,0.7,0,0,0,0,0,0,0,0,0,22.29,122.62,62.98,46.6,0,0,0,0
United States,USA,Australia & North America,0,0,0,0,41,0,0,0,22.7,30.2,46.4,1.7,5.1,10.3,15.4,3.2,4.3,6.3,320896618,0.9,1,1.2,0,0,1,1.4,2,0,0,0,0,0,0,0,0,0,24.36,0,0,62.47,0,0,0,0
Uruguay,URY,Latin America and the Caribbean,0,0.2,2.53,0,40.2,77.21,60.78,52.21,22.5,29.9,46.1,2.1,5.6,10.4,15.4,0,0,0.1,3431552,0,0.2,0.9,1.6,1.6,0.1,0.6,4,9.7,9.7,22.79,39.22,47.79,0.6,0.6,3,3,9.1,77.32,35.49,23.94,1.7,1.7,10.1,10.1
Uzbekistan,UZB,Central & Eastern Asia,0,0,0,0,0,0,0,0,0,0,0,0,0,0,0,0,0,0,31298900,0,0,0,0,0,0,0,0,14.1,14.1,0,0,0,0,0,0,0,0,0,0,0,0,0,0,0
Vanuatu,VUT,Central & Eastern Asia,0,0,0,0,37.6,0,0,0,21.8,29.4,44.8,2.7,6.7,11.1,15.5,0,0.1,0.2,264603,3.3,12.7,31.7,0,0,13.2,39.5,72.4,12.7,12.7,0,0,0,0,0,0,0,0,0,0,0,0,0,0,0
"Venezuela, RB",VEN,Latin America and the Caribbean,0,0,0,0,0,0,0,0,0,0,0,0,0,0,0,0,0,0,31155134,0,0,0,0,0,0,0,0,33.1,33.1,0,0,0,0,0,0,0,0,0,0,0,0,0,0,0
Vietnam,VNM,Central & Eastern Asia,4.82,-1.52,1.45,2.3,34.8,0,0,0,22.4,26.8,42.2,2.7,7.1,12,16.4,2.4,10.2,32.1,93571567,0.5,3,11.2,4.5,4.5,2.6,11.2,35.4,13.5,13.5,0,0,0,5.9,5.9,18.6,18.6,3.97,22.1,11.11,8.34,1,1,3.8,3.8
West Bank and Gaza,PSE,Western Asia,0.21,-0.19,0.12,0.35,34.4,0,-22.17,206.66,22,27.2,42.5,3.1,7.7,11.9,15.9,0,0.1,0.8,4422143,0.1,0.6,4.9,6,6,0.2,3.4,20.7,25.8,25.8,100,122.17,-106.66,3.8,3.8,19.4,19.4,5.3,29.34,14.45,10.84,6.3,6.3,26.1,26.1
"Yemen, Rep.",YEM,Western Asia,0,0,0,0,36.7,0,0,0,21.2,29.4,44.7,3,7.3,11.5,15.3,4.9,13.7,21.4,26916207,4.5,17.3,39.3,0,0,18.8,52.2,81.6,48.6,48.6,0,0,0,0,0,0,0,0,0,0,0,0,0,0,0
Zambia,ZMB,Sub-Saharan Africa,-0.59,2.54,3.32,2.93,57.1,72.91,68.1,76.98,19.3,44.4,61.3,1,2.9,6,10.6,9.3,12,14,16100587,29.5,44.5,60,0,28,57.5,74.3,87.2,54.4,54.4,27.09,31.9,23.02,0,37.9,0,77.9,0.66,13.26,4.54,2.99,0,9.3,0,27.5
Zimbabwe,ZWE,Sub-Saharan Africa,0,0,0,0,43.2,0,0,0,21,33.8,49.7,2.5,5.8,9.5,14,3.1,6.8,10.7,15777451,5.2,17.3,36.1,34.1,34.1,21.4,47.2,74,72.3,72.3,0,0,0,42.8,42.8,84.3,84.3,0,0,0,0,15.5,15.5,46.5,46.5